"script_type","file_size","datetime","finish_process_time","tmp_server_time","complete_time"
"5","1024","2021-04-21 09:28:24","2021-04-21 09:28:45","2021-04-21 09:29:06","2021-04-21 09:29:08"
"1","50176","2021-04-21 10:13:19","2021-04-21 10:13:47","2021-04-21 10:14:12","2021-04-21 10:14:30"
"1","2048","2021-04-21 14:58:27","2021-04-21 14:58:43","2021-04-21 14:59:04","2021-04-21 14:59:10"
"4","33792","2021-04-21 15:36:43","2021-04-21 15:38:32","2021-04-21 15:38:56","2021-04-21 15:40:19"
"4","4463616","2021-04-21 15:38:09","2021-04-21 16:22:00","2021-04-21 16:28:51","2021-04-21 16:53:52"
"4","31744","2021-04-21 15:50:40","2021-04-21 15:54:16","2021-04-21 15:54:40","2021-04-21 15:54:51"
"1","3072","2021-04-21 17:51:12","2021-04-21 17:51:42","2021-04-21 17:52:04","2021-04-21 17:52:06"
"4","36864","2021-04-22 12:36:21","2021-04-22 12:37:04","2021-04-22 12:37:28","2021-04-22 12:37:41"
"4","154624","2021-04-22 12:48:47","2021-04-22 12:49:18","2021-04-22 12:49:51","2021-04-22 12:50:39"
"4","1168384","2021-04-22 12:52:56","2021-04-22 12:56:37","2021-04-22 12:59:02","2021-04-22 13:04:15"
"4","1254400","2021-04-22 12:53:37","2021-04-22 12:57:18","2021-04-22 12:59:50","2021-04-22 13:23:18"
"4","6858752","2021-04-22 12:54:31","2021-04-22 13:06:46","2021-04-22 13:16:09","2021-04-22 13:51:00"
"1","4096","2021-04-22 20:51:12","2021-04-22 20:51:44","2021-04-22 20:52:05","2021-04-22 20:52:08"
"4","16384","2021-04-23 17:17:11","2021-04-23 17:17:43","2021-04-23 17:18:05","2021-04-23 17:18:41"
"5","1024","2021-04-27 01:06:55","2021-04-27 01:08:18","2021-04-27 01:08:39","2021-04-27 01:08:41"
"4","1254400","2021-04-27 09:34:26","2021-04-27 09:36:33","2021-04-27 09:38:24","2021-04-27 10:07:59"
"4","23552","2021-04-27 09:35:51","2021-04-27 09:36:03","2021-04-27 09:36:26","2021-04-27 09:37:05"
"4","23552","2021-04-27 10:06:54","2021-04-27 10:07:44","2021-04-27 10:08:07","2021-04-27 10:08:15"
"4","45056","2021-04-27 10:06:54","2021-04-27 10:07:34","2021-04-27 10:07:59","2021-04-27 10:08:13"
"4","23552","2021-04-27 10:06:59","2021-04-27 10:08:15","2021-04-27 10:08:38","2021-04-27 10:08:46"
"4","23552","2021-04-27 10:07:09","2021-04-27 10:08:05","2021-04-27 10:08:27","2021-04-27 10:08:36"
"4","23552","2021-04-27 10:07:11","2021-04-27 10:07:55","2021-04-27 10:08:17","2021-04-27 10:08:25"
"4","23552","2021-04-27 10:08:03","2021-04-27 10:08:24","2021-04-27 10:08:46","2021-04-27 10:08:54"
"4","23552","2021-04-27 10:08:26","2021-04-27 10:08:44","2021-04-27 10:09:06","2021-04-27 10:09:14"
"4","1024","2021-04-27 10:09:35","2021-04-27 10:10:03","2021-04-27 10:10:24","2021-04-27 10:10:26"
"4","23552","2021-04-27 10:10:45","2021-04-27 10:11:04","2021-04-27 10:11:26","2021-04-27 10:11:34"
"5","1024","2021-04-27 10:11:33","2021-04-27 10:12:58","2021-04-27 10:13:19","2021-04-27 10:13:20"
"4","23552","2021-04-27 10:11:53","2021-04-27 10:12:34","2021-04-27 10:12:56","2021-04-27 10:13:04"
"4","26624","2021-04-27 10:11:54","2021-04-27 10:12:23","2021-04-27 10:12:46","2021-04-27 10:12:55"
"4","23552","2021-04-27 10:13:14","2021-04-27 10:13:43","2021-04-27 10:14:06","2021-04-27 10:14:13"
"4","31744","2021-04-27 10:15:54","2021-04-27 10:16:36","2021-04-27 10:16:59","2021-04-27 10:17:08"
"4","35840","2021-04-27 10:16:01","2021-04-27 10:16:26","2021-04-27 10:16:49","2021-04-27 10:18:08"
"4","23552","2021-04-27 10:16:02","2021-04-27 10:16:44","2021-04-27 10:17:07","2021-04-27 10:17:18"
"4","23552","2021-04-27 10:16:27","2021-04-27 10:16:43","2021-04-27 10:17:06","2021-04-27 10:17:18"
"5","1024","2021-04-27 10:17:08","2021-04-27 10:18:06","2021-04-27 10:18:27","2021-04-27 10:18:29"
"4","23552","2021-04-27 10:17:29","2021-04-27 10:17:43","2021-04-27 10:18:06","2021-04-27 10:18:53"
"4","148480","2021-04-27 10:25:14","2021-04-27 10:25:52","2021-04-27 10:26:24","2021-04-27 10:27:07"
"4","35840","2021-04-27 10:25:54","2021-04-27 10:26:23","2021-04-27 10:26:47","2021-04-27 10:28:26"
"4","37888","2021-04-27 10:26:34","2021-04-27 10:27:05","2021-04-27 10:27:29","2021-04-27 10:29:18"
"4","31744","2021-04-27 10:27:42","2021-04-27 10:28:04","2021-04-27 10:28:27","2021-04-27 10:28:36"
"5","1024","2021-04-27 10:28:13","2021-04-27 10:28:45","2021-04-27 10:29:06","2021-04-27 10:29:10"
"4","25600","2021-04-27 10:29:14","2021-04-27 10:29:43","2021-04-27 10:30:06","2021-04-27 10:30:56"
"4","11264","2021-04-27 10:41:42","2021-04-27 10:42:03","2021-04-27 10:42:25","2021-04-27 10:42:29"
"4","1254400","2021-04-27 10:53:54","2021-04-27 10:56:29","2021-04-27 10:58:21","2021-04-27 11:31:37"
"4","23552","2021-04-27 11:09:42","2021-04-27 11:10:04","2021-04-27 11:10:26","2021-04-27 11:10:34"
"4","1024","2021-04-27 11:12:57","2021-04-27 11:13:22","2021-04-27 11:13:43","2021-04-27 11:13:48"
"4","23552","2021-04-27 11:17:16","2021-04-27 11:17:43","2021-04-27 11:18:05","2021-04-27 11:18:13"
"4","23552","2021-04-27 11:18:46","2021-04-27 11:19:04","2021-04-27 11:19:26","2021-04-27 11:20:59"
"4","23552","2021-04-27 11:19:37","2021-04-27 11:20:14","2021-04-27 11:20:36","2021-04-27 11:20:45"
"4","23552","2021-04-27 11:26:09","2021-04-27 11:26:23","2021-04-27 11:26:46","2021-04-27 11:28:21"
"5","1024","2021-04-27 11:40:04","2021-04-27 11:40:25","2021-04-27 11:40:46","2021-04-27 11:40:48"
"5","1024","2021-04-27 11:41:23","2021-04-27 11:41:45","2021-04-27 11:42:06","2021-04-27 11:42:08"
"4","23552","2021-04-27 11:47:50","2021-04-27 11:48:04","2021-04-27 11:48:26","2021-04-27 11:49:17"
"4","35840","2021-04-27 11:49:14","2021-04-27 11:49:44","2021-04-27 11:50:07","2021-04-27 11:50:19"
"4","23552","2021-04-27 12:06:30","2021-04-27 12:07:03","2021-04-27 12:07:26","2021-04-27 12:08:14"
"4","31744","2021-04-28 08:48:18","2021-04-28 08:58:09","2021-04-28 08:58:33","2021-04-28 09:00:01"
"4","1126400","2021-04-28 08:50:41","2021-04-28 09:07:23","2021-04-28 09:09:22","2021-04-28 09:15:43"
"4","1555456","2021-04-28 08:52:35","2021-04-28 09:10:38","2021-04-28 09:13:16","2021-04-28 09:38:10"
"4","86016","2021-04-28 10:05:56","2021-04-28 10:09:04","2021-04-28 10:09:32","2021-04-28 10:10:04"
"4","27648","2021-04-28 10:07:13","2021-04-28 10:09:55","2021-04-28 10:10:18","2021-04-28 10:11:23"
"5","1024","2021-04-29 11:02:15","2021-04-29 11:04:29","2021-04-29 11:04:50","2021-04-29 11:04:52"
"4","1024","2021-04-29 14:19:21","2021-04-29 14:21:39","2021-04-29 14:22:00","2021-04-29 14:22:01"
"4","16384","2021-04-29 14:22:00","2021-04-29 14:23:53","2021-04-29 14:24:16","2021-04-29 14:24:22"
"4","1024","2021-04-29 14:30:38","2021-04-29 14:31:15","2021-04-29 14:31:36","2021-04-29 14:31:38"
"4","1024","2021-04-29 14:30:50","2021-04-29 14:31:05","2021-04-29 14:31:26","2021-04-29 14:31:28"
"4","8192","2021-04-29 14:32:22","2021-04-29 14:33:17","2021-04-29 14:33:38","2021-04-29 14:33:41"
"4","1024","2021-04-29 14:34:12","2021-04-29 14:34:43","2021-04-29 14:35:04","2021-04-29 14:35:05"
"4","1024","2021-04-29 14:38:18","2021-04-29 14:38:44","2021-04-29 14:39:05","2021-04-29 14:39:06"
"4","1024","2021-04-29 14:39:30","2021-04-29 14:39:44","2021-04-29 14:40:05","2021-04-29 14:40:07"
"1","2048","2021-04-29 14:54:46","2021-04-29 14:55:03","2021-04-29 14:55:24","2021-04-29 14:55:28"
"1","2048","2021-04-29 14:54:56","2021-04-29 14:55:22","2021-04-29 14:55:43","2021-04-29 14:55:49"
"2","1024","2021-04-29 14:55:04","2021-04-29 14:55:33","2021-04-29 14:55:54","2021-04-29 14:55:55"
"3","1024","2021-04-29 14:55:14","2021-04-29 14:55:42","2021-04-29 14:56:03","2021-04-29 14:56:06"
"4","1024","2021-04-29 16:48:05","2021-04-29 16:48:53","2021-04-29 16:49:14","2021-04-29 16:49:15"
"4","1024","2021-04-29 16:49:14","2021-04-29 16:50:13","2021-04-29 16:50:34","2021-04-29 16:50:36"
"4","740352","2021-04-30 21:37:55","2021-04-30 21:39:33","2021-04-30 21:40:48","2021-04-30 21:44:20"
"4","23552","2021-05-03 16:03:02","2021-05-03 16:03:24","2021-05-03 16:03:46","2021-05-03 16:04:30"
"4","35840","2021-05-03 18:22:12","2021-05-03 18:24:30","2021-05-03 18:24:54","2021-05-03 18:25:08"
"4","5120","2021-05-04 16:22:34","2021-05-04 16:24:36","2021-05-04 16:24:57","2021-05-04 16:25:09"
"4","1983488","2021-05-04 18:00:42","2021-05-04 18:02:37","2021-05-04 18:05:01","2021-05-04 18:13:08"
"4","35840","2021-05-04 21:02:50","2021-05-04 21:03:25","2021-05-04 21:03:49","2021-05-04 21:05:06"
"5","1024","2021-05-07 12:32:09","2021-05-07 12:32:26","2021-05-07 12:32:47","2021-05-07 12:32:49"
"4","10240","2021-05-07 12:50:01","2021-05-07 12:50:24","2021-05-07 12:50:45","2021-05-07 12:51:10"
"4","1024","2021-05-07 17:15:15","2021-05-07 17:15:43","2021-05-07 17:16:04","2021-05-07 17:16:06"
"5","1024","2021-05-07 17:15:35","2021-05-07 17:16:04","2021-05-07 17:16:25","2021-05-07 17:16:26"
"3","1309696","2021-05-07 19:12:17","2021-05-07 19:25:17","2021-05-07 19:27:06","2021-05-07 19:32:47"
"4","33792","2021-05-10 12:17:42","2021-05-10 12:19:18","2021-05-10 12:19:42","2021-05-10 12:21:11"
"1","38912","2021-05-10 15:13:36","2021-05-10 15:14:06","2021-05-10 15:14:30","2021-05-10 15:14:44"
"4","10240","2021-05-12 12:46:27","2021-05-12 12:48:08","2021-05-12 12:48:30","2021-05-12 12:48:33"
"4","70656","2021-05-12 12:47:10","2021-05-12 12:51:59","2021-05-12 12:52:25","2021-05-12 12:52:44"
"5","1024","2021-05-13 12:05:18","2021-05-13 12:05:50","2021-05-13 12:06:11","2021-05-13 12:06:13"
"5","1024","2021-05-13 14:20:18","2021-05-13 14:20:46","2021-05-13 14:21:07","2021-05-13 14:21:08"
"4","2055168","2021-05-13 14:21:01","2021-05-13 14:24:45","2021-05-13 14:28:34","2021-05-13 14:41:03"
"4","7234560","2021-05-13 14:22:51","2021-05-13 14:39:07","2021-05-13 14:48:57","2021-05-13 15:25:22"
"1","1589248","2021-05-13 14:23:29","2021-05-13 14:26:18","2021-05-13 14:29:57","2021-05-13 14:45:22"
"4","133120","2021-05-14 08:06:06","2021-05-14 08:11:44","2021-05-14 08:12:17","2021-05-14 08:17:57"
"4","96256","2021-05-14 12:04:24","2021-05-14 12:07:20","2021-05-14 12:07:50","2021-05-14 12:08:24"
"4","102400","2021-05-16 17:06:33","2021-05-16 17:14:38","2021-05-16 17:15:07","2021-05-16 17:19:28"
"4","101376","2021-05-17 10:34:15","2021-05-17 10:43:13","2021-05-17 10:43:43","2021-05-17 10:47:55"
"2","23552","2021-05-17 11:35:20","2021-05-17 11:35:54","2021-05-17 11:36:16","2021-05-17 11:37:11"
"3","68608","2021-05-17 11:48:42","2021-05-17 11:49:39","2021-05-17 11:50:04","2021-05-17 11:50:24"
"4","1075200","2021-05-19 10:14:46","2021-05-19 10:25:16","2021-05-19 10:26:54","2021-05-19 10:31:57"
"4","5120","2021-05-19 11:25:53","2021-05-19 11:28:44","2021-05-19 11:29:06","2021-05-19 11:29:08"
"1","229376","2021-05-19 11:39:34","2021-05-19 11:40:20","2021-05-19 11:41:01","2021-05-19 11:50:55"
"4","96256","2021-05-19 17:41:12","2021-05-19 17:41:51","2021-05-19 17:42:19","2021-05-19 17:42:48"
"4","1024","2021-05-20 13:03:23","2021-05-20 13:03:43","2021-05-20 13:04:04","2021-05-20 13:04:06"
"2","1024","2021-05-20 13:13:39","2021-05-20 13:14:03","2021-05-20 13:14:24","2021-05-20 13:14:28"
"1","28672","2021-05-20 13:17:50","2021-05-20 13:18:09","2021-05-20 13:18:33","2021-05-20 13:18:44"
"3","116736","2021-05-20 13:19:57","2021-05-20 13:21:24","2021-05-20 13:21:58","2021-05-20 13:28:04"
"4","71680","2021-05-20 13:21:08","2021-05-20 13:21:29","2021-05-20 13:21:59","2021-05-20 13:26:21"
